-- MySQL dump 10.13  Distrib 5.7.22, for Linux (x86_64)
--
-- Host: localhost    Database: barcamp_api
-- ------------------------------------------------------
-- Server version	5.7.22-0ubuntu0.16.04.1

/*!40101 SET @OLD_CHARACTER_SET_CLIENT=@@CHARACTER_SET_CLIENT */;
/*!40101 SET @OLD_CHARACTER_SET_RESULTS=@@CHARACTER_SET_RESULTS */;
/*!40101 SET @OLD_COLLATION_CONNECTION=@@COLLATION_CONNECTION */;
/*!40101 SET NAMES utf8 */;
/*!40103 SET @OLD_TIME_ZONE=@@TIME_ZONE */;
/*!40103 SET TIME_ZONE='+00:00' */;
/*!40014 SET @OLD_UNIQUE_CHECKS=@@UNIQUE_CHECKS, UNIQUE_CHECKS=0 */;
/*!40014 SET @OLD_FOREIGN_KEY_CHECKS=@@FOREIGN_KEY_CHECKS, FOREIGN_KEY_CHECKS=0 */;
/*!40101 SET @OLD_SQL_MODE=@@SQL_MODE, SQL_MODE='NO_AUTO_VALUE_ON_ZERO' */;
/*!40111 SET @OLD_SQL_NOTES=@@SQL_NOTES, SQL_NOTES=0 */;

--
-- Current Database: `barcamp_api`
--

CREATE DATABASE /*!32312 IF NOT EXISTS*/ `barcamp_api` /*!40100 DEFAULT CHARACTER SET latin1 */;

USE `barcamp_api`;

--
-- Table structure for table `Feedback`
--

DROP TABLE IF EXISTS `Feedback`;
/*!40101 SET @saved_cs_client     = @@character_set_client */;
/*!40101 SET character_set_client = utf8 */;
CREATE TABLE `Feedback` (
  `id` int(11) NOT NULL AUTO_INCREMENT,
  `email` varchar(255) COLLATE utf8_unicode_ci NOT NULL,
  `body` longtext COLLATE utf8_unicode_ci NOT NULL,
  `created_at` datetime NOT NULL,
  PRIMARY KEY (`id`)
) ENGINE=InnoDB AUTO_INCREMENT=90 DEFAULT CHARSET=utf8 COLLATE=utf8_unicode_ci;
/*!40101 SET character_set_client = @saved_cs_client */;

--
-- Dumping data for table `Feedback`
--

LOCK TABLES `Feedback` WRITE;
/*!40000 ALTER TABLE `Feedback` DISABLE KEYS */;
INSERT INTO `Feedback` VALUES (2,'mane.khandanyan@gmail.com','testing','2017-05-26 08:05:35'),(3,'mane.khandanyan@gmail.com','testing','2017-05-26 08:05:40'),(4,'mane.khandanyan@gmail.com','testing','2017-05-26 08:05:43'),(5,'mane.khandanyan@gmail.com','testing','2017-05-26 08:05:43'),(6,'mane.khandanyan@gmail.com','testing','2017-05-26 08:05:46'),(7,'mane.khandanyan@gmail.com','testing','2017-05-26 08:05:50'),(8,'mane.khandanyan@gmail.com','testing','2017-05-26 08:05:53'),(9,'mane.khandanyan@gmail.com','testing','2017-05-26 08:06:06'),(10,'mane.khandanyan@gmail.com','testing','2017-05-26 08:06:07'),(11,'gg@ff.vin','ghfhh test','2017-05-26 08:19:36'),(12,'gg@ff.vin','ghfhh test','2017-05-26 08:19:41'),(13,'mane.khandanyan@yahoo.com','testing','2017-05-26 08:23:02'),(14,'mane.khandanyan@yahoo.com','testing','2017-05-26 08:23:05'),(15,'mane.khandanyan@yahoo.com','testing','2017-05-26 08:23:07'),(16,'aasxasx@mail.ru','asxasxasxasxaxasxa','2017-05-26 08:26:53'),(17,'aasxasx@mail.ru','asxasxasxasxaxasxa','2017-05-26 08:26:59'),(18,'asxasx@mail.ri','asxaxasx','2017-05-26 08:29:44'),(19,'asxasx@mail.riaa','sxasxasxaxasxsx','2017-05-26 08:33:36'),(20,'admin@myeve.io','asxasxasxasxaxasx','2017-05-26 08:34:53'),(21,'axasx@mail.ruasxasx','asxasxasxax','2017-05-26 08:47:42'),(22,'asascsdc@mail.ru','aaxasxasxasxsax','2017-05-26 08:48:41'),(23,'asxasx@mail.ri','asxsaxax','2017-05-26 08:49:26'),(24,'asxasx@mail.ri','asxsaxax','2017-05-26 08:49:39'),(25,'asxasxasx@mn.ru','asxaxasxa','2017-05-26 08:50:14'),(26,'admin@myeve.io','asxasxax','2017-05-26 08:51:37'),(27,'asxsa@mail.ru','asxasxasxsax','2017-05-26 08:52:19'),(28,'asxasx@mail.ri','asxasx','2017-05-26 08:56:42'),(29,'admin@myeve.io','asxasxasxas','2017-05-26 08:57:27'),(30,'admin@myeve.io','asxasxasxas','2017-05-26 08:57:30'),(31,'abgaryannver1993@gmail.comasxsa','asxasxasx','2017-05-26 08:57:53'),(32,'abgaryannver1993@gmail.com','asxsaxsx','2017-05-26 08:58:38'),(33,'abgaryannver1993@gmail.com','asxsaxsx','2017-05-26 08:58:41'),(34,'abgaryannver1993@gmail.com','asxsaxsx','2017-05-26 08:58:44'),(35,'abgaryannver1993@gmail.com','asxaxsx','2017-05-26 08:59:46'),(36,'abgaryannver1993@gmail.comasx','asxasxs','2017-05-26 09:00:56'),(37,'asxasx@mail.riaasx','asxasx','2017-05-26 09:01:08'),(38,'asxasx@mail.ri','axasxasx','2017-05-26 09:05:11'),(39,'asascsdc@mail.ru','asxasxsx','2017-05-26 09:07:09'),(40,'asxasx@mail.ri','asxsax','2017-05-26 09:08:14'),(41,'admin@myeve.io','asxasxsax','2017-05-26 09:11:53'),(42,'asxasx@mail.ria','asxasxasx','2017-05-26 09:14:33'),(43,'asxasx@mail.ria','asxasxasx','2017-05-26 09:14:44'),(44,'asxasx@mail.ri','asxasxasx','2017-05-26 09:15:10'),(45,'abgaryannver1993@gmail.com','asxaxasx','2017-05-26 09:15:52'),(46,'abgaryannver1993@gmail.com','asxaxasx','2017-05-26 09:15:56'),(47,'asxsa@mail.ru','asxasxsax','2017-05-26 09:16:46'),(48,'abgaryannver1993@gmail.com','asxsaxsax','2017-05-26 09:17:22'),(49,'asxasx@mail.ri','asxasxasx','2017-05-26 09:17:48'),(50,'asxaxsx@mail.rr','asxasxas','2017-05-26 09:18:35'),(51,'abgaryannver1993@gmail.com','asxasxsax','2017-05-26 09:19:18'),(52,'asxasx@mail.ri','asxasxasx','2017-05-26 09:20:36'),(53,'asxasx@mail.ri','asxasxasx','2017-05-26 09:20:40'),(54,'abgaryannver1993@gmail.com','asxasxas','2017-05-26 09:20:54'),(55,'asxasx@mail.ri','asxasxasx','2017-05-26 09:22:38'),(56,'abgaryannver1993@gmail.com','asxasxax','2017-05-26 09:24:09'),(57,'asxasx@mail.ri','asxasxasx','2017-05-26 09:24:47'),(58,'asxasx@mail.ria','asxasxax','2017-05-26 09:26:13'),(59,'asxasx@mail.ria','asxasxaxsax','2017-05-26 09:26:54'),(60,'asxasx@mail.ria','asxax','2017-05-26 09:27:21'),(61,'asxasx@mail.ria','asxax','2017-05-26 09:27:26'),(62,'axasx@mail.ru','asxaxax','2017-05-26 09:27:44'),(63,'abgaryannver1993@gmail.com','saxasx','2017-05-26 09:28:15'),(64,'asxasx@mail.ri','sxasxasx','2017-05-26 09:28:25'),(65,'asxasx@mail.ria','asxasx','2017-05-26 09:29:32'),(66,'asxasx@mail.ria','asxax','2017-05-26 09:30:32'),(67,'asxasx@mail.riaa','asxasxaxax','2017-05-26 09:34:27'),(68,'asxasx@mail.ria','asxasxasxs','2017-05-26 09:35:19'),(69,'asxsa@mail.ru','asxaxsax','2017-05-26 09:35:30'),(70,'asxasx@mail.ria','asxasxs','2017-05-26 09:37:16'),(71,'asxasx@mail.ria','asxasxasx','2017-05-26 09:38:23'),(72,'asxasx@mail.ri','asxasxsax','2017-05-26 09:42:12'),(73,'abgaryannver1993@gmail.com','asxasx','2017-05-26 09:42:35'),(74,'asxasx@mail.ri','asxasxas','2017-05-26 09:43:36'),(75,'asxsa@mail.ru','asxaxasxasx','2017-05-26 09:43:46'),(76,'test@test.com','Test','2017-05-26 09:53:40'),(77,'k_davidam@yahoo.com','Hello, i would like to know, how become a sponsor-partner for barcamp\r\n\r\nthanks ','2017-05-27 19:18:57'),(78,'ben@hexdivision.com','Hey','2017-05-29 03:12:30'),(79,'ben@hexdivision.com','hey','2017-05-29 03:22:11'),(80,'ben@hexdivision.com','hey','2017-05-29 03:22:23'),(81,'example@example.com','tkjgvh','2017-05-29 06:47:37'),(82,'dkroyan@gmail.com','hjklubjkmlghbjnk','2017-05-29 08:50:28'),(83,'testing@test.com','test','2017-05-31 07:52:29'),(84,'admin@myeve.io','asxasx','2017-05-31 08:04:01'),(85,'dkroyan@gmail.com','wedd','2017-05-31 08:25:28'),(86,'example@example.com','er','2017-05-31 08:31:30'),(87,'testing@test.com','test','2017-06-01 08:33:00'),(88,'aram.khachaturyan@freighthaul.com','Hi, we are interested in registering in BarCamp 2017. I noticed that the tickets are sold out. Would it still be possible to register?\r\n\r\nThank you.\r\n\r\n\r\nBest,\r\nAram','2017-11-28 13:38:56'),(89,'asdas@asd.ca','asdasd','2018-05-23 21:13:28');
/*!40000 ALTER TABLE `Feedback` ENABLE KEYS */;
UNLOCK TABLES;

--
-- Table structure for table `schedule`
--

DROP TABLE IF EXISTS `schedule`;
/*!40101 SET @saved_cs_client     = @@character_set_client */;
/*!40101 SET character_set_client = utf8 */;
CREATE TABLE `schedule` (
  `id` int(11) NOT NULL AUTO_INCREMENT,
  `time_from` datetime NOT NULL,
  `time_to` datetime NOT NULL,
  `bg_image_url` varchar(255) COLLATE utf8_unicode_ci DEFAULT NULL,
  `room` varchar(255) COLLATE utf8_unicode_ci NOT NULL,
  `speaker` varchar(255) COLLATE utf8_unicode_ci DEFAULT NULL,
  `topic` varchar(255) COLLATE utf8_unicode_ci NOT NULL,
  `mySpeaker` int(11) DEFAULT NULL,
  `photo` varchar(255) COLLATE utf8_unicode_ci DEFAULT NULL,
  PRIMARY KEY (`id`),
  KEY `IDX_5A3811FBD16EC565` (`mySpeaker`),
  CONSTRAINT `FK_5A3811FBD16EC565` FOREIGN KEY (`mySpeaker`) REFERENCES `speaker` (`id`)
) ENGINE=InnoDB AUTO_INCREMENT=130 DEFAULT CHARSET=utf8 COLLATE=utf8_unicode_ci;
/*!40101 SET character_set_client = @saved_cs_client */;

--
-- Dumping data for table `schedule`
--

LOCK TABLES `schedule` WRITE;
/*!40000 ALTER TABLE `schedule` DISABLE KEYS */;
INSERT INTO `schedule` VALUES (1,'2017-05-27 11:30:00','2017-05-27 12:30:00',NULL,'0','Jan Wildeboer','The future is Open (en)',97,NULL),(2,'2017-05-27 12:30:00','2017-05-27 13:30:00',NULL,'0','Ekaterina Eroshenko','Review of modern digital advertising technologies (ru)',98,NULL),(3,'2017-05-27 14:00:00','2017-05-27 15:00:00',NULL,'0','Illya Klimov','Modern trends of JS in 2017 (ru)',99,NULL),(4,'2017-05-27 15:00:00','2017-05-27 16:00:00',NULL,'0','Eduard Ulrich','Is the War of Programming Languages over? (en)',100,NULL),(5,'2017-05-27 16:00:00','2017-05-27 17:00:00',NULL,'0','Ekaterina Tkacheva','From offline to online and back (O2O) (ru)',101,NULL),(6,'2017-05-27 17:00:00','2017-05-27 17:30:00',NULL,'0','Andrew Rowat','Wash, Rinse, Repeat: Building a Company from Scratch (en)',102,NULL),(8,'2017-05-27 13:30:00','2017-05-27 14:00:00',NULL,'0','Essa | BetConstruct','The Art of ROI Calculation in Agile enterprises (en)',103,NULL),(9,'2017-05-27 17:30:00','2017-05-27 18:00:00',NULL,'0','Samvel Martirosyan','ՔՈ ԲԻԶՆԵՍԻ ՄՈՒՏՔԸ ԳԼՈԲԱԼ ՇՈՒԿԱ',176,NULL),(10,'2017-05-28 11:00:00','2017-05-28 12:30:00',NULL,'2','Eduard Ulrich','C++, Java, Oberon - Pros and Cons (en)',100,NULL),(11,'2017-05-28 12:30:00','2017-05-28 13:30:00',NULL,'2','Jan Wildeboer','Social Architecture (en)',97,NULL),(12,'2017-05-28 13:30:00','2017-05-28 14:30:00',NULL,'2','Illya Klimov','Strict types in Javascript: real  world experience (ru)',99,NULL),(13,'2017-05-28 14:30:00','2017-05-28 15:30:00',NULL,'2','Jobfair','Open Q&A Session',NULL,NULL),(14,'2017-05-28 16:30:00','2017-05-28 17:30:00',NULL,'2','Andrew Rowat','Slowing Creativity Down with  Large Format Photography (en)',102,NULL),(15,'2017-05-28 17:30:00','2017-05-28 18:00:00',NULL,'2','Edgar Haroutounian','Getting started: ReactVR (en)',112,NULL),(16,'2017-05-27 11:00:00','2017-05-27 12:00:00',NULL,'4','Stefan Radisavljevic','WTF is Competitive Advantage?',105,NULL),(17,'2017-05-27 12:00:00','2017-05-27 12:30:00',NULL,'4','Anna Hovakimyan | SFL','Project Management Trends',106,NULL),(18,'2017-05-27 12:30:00','2017-05-27 13:00:00',NULL,'4','Lusine Grigoryan','News verification game for teens: help Literatus to free Veritas from Manipulus',107,NULL),(19,'2017-05-27 13:00:00','2017-05-27 14:00:00',NULL,'4','Arman Kuchukyan','Creating Business Model for your Startup',108,NULL),(20,'2017-05-27 14:00:00','2017-05-27 15:00:00',NULL,'4','Davit Babayan','Windows 10 for creators',109,NULL),(21,'2017-05-27 15:00:00','2017-05-27 16:00:00',NULL,'4','Erik Hambardzumyan','Modern Data Vizualization and reporting',110,NULL),(22,'2017-05-27 16:00:00','2017-05-27 17:00:00',NULL,'4','Tigran Simonyan','Ambitious web app on Ember.- js',111,NULL),(23,'2017-05-27 17:00:00','2017-05-27 18:00:00',NULL,'4','Ani Kyureghyan','Brain science and marketing. MR Modern Technologies',113,NULL),(24,'2017-05-27 11:00:00','2017-05-27 12:00:00',NULL,'3','Vardges Stepanyan | SFL','Juju, horizontal scalable infra-structure',114,NULL),(25,'2017-05-27 12:00:00','2017-05-27 13:00:00',NULL,'3','Shahen Hovhannisyan | Simply','React-Native: building a simple  app',117,NULL),(26,'2017-05-27 13:00:00','2017-05-27 14:00:00',NULL,'3','Vladimir Avagyan','1C development platform:  Desktop and  Mobile',120,NULL),(27,'2017-05-27 14:00:00','2017-05-27 15:00:00',NULL,'3','Լևոն Սարգսյան','Meteor.js: app in an hour',122,NULL),(28,'2017-05-27 15:00:00','2017-05-27 16:00:00',NULL,'3','Nairi Narinyan | SFL','3D graphics on the web with  WebGL',125,NULL),(29,'2017-05-27 11:00:00','2017-05-27 12:00:00',NULL,'1','Grigor Khachatryan','Crafting WebVR with JS',115,NULL),(30,'2017-05-27 12:00:00','2017-05-27 13:00:00',NULL,'1','Nickolay Sargsyan','Android: Being a Poet',116,NULL),(31,'2017-05-27 13:00:00','2017-05-27 14:00:00',NULL,'1','Arthur Asatryan | SFL','Rust for the impatient',118,NULL),(32,'2017-05-27 14:00:00','2017-05-27 14:30:00',NULL,'1','Ruben Khachatryan','Anti Patterns in programming for adults',119,NULL),(33,'2017-05-27 16:00:00','2017-05-27 17:00:00',NULL,'3','Ararat Poghosyan | Hex Division','Sex, խաշ, PHP.  Continuous Integration With Love.',127,NULL),(34,'2017-05-27 14:30:00','2017-05-27 15:00:00',NULL,'1','Eduard Babayan','DevOps for ASP.NET',121,NULL),(35,'2017-05-27 15:00:00','2017-05-27 16:00:00',NULL,'1','Davit Siradeghyan | Workfront','Pillars of clean code',174,NULL),(36,'2017-05-27 17:00:00','2017-05-27 18:00:00',NULL,'3','Hayk Mkrtchyan | SFL','Reactive programming for Java  developers',128,NULL),(38,'2017-05-27 16:00:00','2017-05-27 17:00:00',NULL,'1','Edgar Torosyan&Yerem Gevorgyan | Synergy','Securing Microservices Environment',124,NULL),(39,'2017-05-27 17:00:00','2017-05-27 18:00:00',NULL,'1','Margarit Mirzoyan','What\'s New in Android O',126,NULL),(40,'2017-05-27 18:00:00','2017-05-27 18:30:00',NULL,'0',NULL,'CLOSING CEREMONY',NULL,NULL),(41,'2017-05-27 10:00:00','2017-05-27 11:00:00',NULL,'0',NULL,'OPENING CEREMONY',NULL,NULL),(42,'2017-05-27 10:00:00','2017-05-27 11:00:00',NULL,'4',NULL,'OPENING CEREMONY',NULL,NULL),(43,'2017-05-27 10:00:00','2017-05-27 11:00:00',NULL,'1',NULL,'OPENING CEREMONY',NULL,NULL),(44,'2017-05-27 11:00:00','2017-05-27 13:00:00',NULL,'2','Ruben Muradyan | U!COM','Cloudflare (ru)',129,NULL),(45,'2017-05-27 18:00:00','2017-05-27 18:30:00',NULL,'4',NULL,'CLOSING CEREMONY',NULL,NULL),(46,'2017-05-27 18:00:00','2017-05-27 18:30:00',NULL,'1',NULL,'CLOSING CEREMONY',NULL,NULL),(47,'2017-05-28 10:00:00','2017-05-28 12:00:00',NULL,'4','Ruben Muradyan | U!COM','Two factor authentication (ru)',129,NULL),(48,'2017-05-27 13:00:00','2017-05-27 14:00:00',NULL,'2','Gagik Arustamyan | SFL','PWAs: The Web’s answer to  native apps',130,NULL),(49,'2017-05-27 14:00:00','2017-05-27 15:00:00',NULL,'2','Sargis Azaryan | Workfront','Building own UI automation  framework from scratch',134,NULL),(50,'2017-05-27 15:00:00','2017-05-27 16:00:00',NULL,'2','Hayk Martirosyan & Ashot Karapetyan | Synergy','SAAS: From Monolith to Microservices',138,NULL),(51,'2017-05-27 16:00:00','2017-05-16 17:00:00',NULL,'2','Alex Saroyan','Re-defining Network inftrastructures: SDN platform of the  future',139,NULL),(52,'2017-05-27 17:00:00','2017-05-27 18:00:00',NULL,'2','Hovhannes Kuloghlyan | Hex Division','What comes after BitCoin: Interledger protocol',142,NULL),(53,'2017-05-27 10:00:00','2017-05-27 11:00:00',NULL,'2',NULL,'OPENING CEREMONY',NULL,NULL),(54,'2017-05-27 10:00:00','2017-05-27 11:00:00',NULL,'3',NULL,'OPENING CEREMONY',NULL,NULL),(55,'2017-05-27 10:00:00','2017-05-27 11:00:00',NULL,'5',NULL,'OPENING CEREMONY',NULL,NULL),(56,'2017-05-27 10:00:00','2017-05-27 11:00:00',NULL,'6',NULL,'OPENING CEREMONY',NULL,NULL),(57,'2017-05-27 18:00:00','2017-05-27 18:30:00',NULL,'2',NULL,'CLOSING CEREMONY',NULL,NULL),(58,'2017-05-27 18:00:00','2017-05-27 18:30:00',NULL,'3',NULL,'CLOSING CEREMONY',NULL,NULL),(59,'2017-05-27 18:00:00','2017-05-27 18:30:00',NULL,'5',NULL,'CLOSING CEREMONY',NULL,NULL),(60,'2017-05-27 18:00:00','2017-05-27 18:30:00',NULL,'6',NULL,'CLOSING CEREMONY',NULL,NULL),(61,'2017-05-28 18:00:00','2017-05-28 18:30:00',NULL,'0',NULL,'CLOSING CEREMONY',NULL,NULL),(62,'2017-05-28 18:00:00','2017-05-28 18:30:00',NULL,'1',NULL,'CLOSING CEREMONY',NULL,NULL),(63,'2017-05-28 18:00:00','2017-05-28 18:30:00',NULL,'2',NULL,'CLOSING CEREMONY',NULL,NULL),(64,'2017-05-28 18:00:00','2017-05-28 18:30:00',NULL,'3',NULL,'CLOSING CEREMONY',NULL,NULL),(65,'2017-05-28 18:00:00','2017-05-28 18:30:00',NULL,'4',NULL,'CLOSING CEREMONY',NULL,NULL),(66,'2017-05-28 18:00:00','2017-05-28 18:30:00',NULL,'5',NULL,'CLOSING CEREMONY',NULL,NULL),(67,'2017-05-28 10:00:00','2017-05-28 11:30:00',NULL,'3','Narek Aghekyan','Making a game with 0 lines of  code:Unreal Engine',147,NULL),(68,'2017-05-28 18:00:00','2017-05-28 18:30:00',NULL,'6',NULL,'CLOSING CEREMONY',NULL,NULL),(69,'2017-05-28 10:00:00','2017-05-28 11:00:00',NULL,'0','Sedrak Mkrtchyan','Ինֆորմացիոն գրաֆիկայի կարևորությունը լրատվական դաշտում',131,NULL),(70,'2017-05-28 11:00:00','2017-05-28 11:30:00',NULL,'0','Matt Bartelsian','The Balls to Be Great: Understanding Your Competitive Advantage as an Armenian',132,NULL),(71,'2017-05-28 11:30:00','2017-05-28 12:00:00',NULL,'0','Sergey Brutyan','Cubesats and the future of Armenian space programs',133,NULL),(72,'2017-05-28 12:00:00','2017-05-28 12:30:00',NULL,'0','Diana Hovhannisyan','How to promote the business in Social Media? If the proper corporate identity helps?',135,NULL),(73,'2017-05-28 12:30:00','2017-05-28 13:00:00',NULL,'0','Vahan Stepanyan','Lenses for mobile devices',136,NULL),(74,'2017-05-28 13:00:00','2017-05-28 14:00:00',NULL,'0','Samvel Martirosyan','Where is Jessica Hyde and who is John Galt. Eine tragödie',104,NULL),(75,'2017-05-28 14:00:00','2017-05-28 15:00:00',NULL,'0','Khachik Badeyan | Synergy','Less Դվիժենի, More Focus',137,NULL),(76,'2017-05-28 15:00:00','2017-05-28 15:30:00',NULL,'0','Alexander Adamyan | Simply','Chatbots re-evolution',140,NULL),(77,'2017-05-28 15:30:00','2017-05-28 16:00:00',NULL,'0',NULL,'Vahan Kerobyan',NULL,NULL),(78,'2017-05-28 16:00:00','2017-05-28 16:30:00',NULL,'0','Ishkhan Margaryan | Ginosi','Cultural Fit or Discrimination?',143,NULL),(79,'2017-05-28 11:30:00','2017-05-28 12:00:00',NULL,'3','Robert Apkyan','Material animations in Android',148,NULL),(80,'2017-05-28 16:30:00','2017-05-28 17:00:00',NULL,'0','Armine Mkrtchyan','How to be as Agile as a Ninja: Misconceptions about Agile',144,NULL),(81,'2017-05-28 17:00:00','2017-05-28 17:30:00',NULL,'0','Gevorg Hakobyan','Private Data Protection',145,NULL),(82,'2017-05-28 17:30:00','2017-05-28 18:00:00',NULL,'0','Vahe Ghazaryan','Dealing with diffculties with innovative methods and IT',146,NULL),(83,'2017-05-28 12:00:00','2017-05-28 13:00:00',NULL,'3','Aryan Behzadi','Making AR games (en)',149,NULL),(84,'2017-05-28 13:00:00','2017-05-28 14:00:00',NULL,'3','Diana Melkumyan | SFL','A PM\'s guide to designing  products for success',173,NULL),(85,'2017-05-28 14:00:00','2017-05-28 14:30:00',NULL,'3','Hovhannes Gasparyan | SFL','Peer-to-peer video and file sharing on the web',155,NULL),(86,'2017-05-28 14:30:00','2017-05-28 15:00:00',NULL,'3','Taron Saribekyan','PHP7 - New born of most popular web  programming language',159,NULL),(87,'2017-05-28 10:00:00','2017-05-28 11:00:00',NULL,'1','Khachatur Virabyan','Progressive Web Apps and how to eat them',151,NULL),(88,'2017-05-28 15:00:00','2017-05-28 16:00:00',NULL,'3','Harut Grigoryan | Ginosi','MVP, Architecture: ինչպես  թխել տորթ փոքր  կտորներով',161,NULL),(89,'2017-05-28 11:00:00','2017-05-28 12:00:00',NULL,'1','Kim Saroyan&Karen Harutyunyan | Synergy','Scaling Solutions for Oracle SQL server and Postgres',152,NULL),(90,'2017-05-28 12:00:00','2017-05-28 12:30:00',NULL,'1','Avetik Babayan&Ani Ghazaryan | Workfront','Becoming a Tester: from Zero to hero',153,NULL),(91,'2017-05-28 16:00:00','2017-05-28 17:00:00',NULL,'3','Sargis Sargsyan | Workfront','Better Page Object Handling  with Loadable Component Pattern',162,NULL),(92,'2017-05-28 12:30:00','2017-05-28 13:30:00',NULL,'1','Ruben Manukyan','UWSGI based Python web-application in practice',175,NULL),(93,'2017-05-28 13:30:00','2017-05-28 14:30:00',NULL,'1','Andranik hayrapetyan','Customizing Android Recycler view Layout Managers (Carousel)',156,NULL),(94,'2017-05-28 14:30:00','2017-05-28 16:00:00',NULL,'1','Anania Mikayelyan&Artak Mehrabyan | Synergy','Continuous Integration & Delivery at Scale (part 1&2)',157,NULL),(95,'2017-05-28 16:00:00','2017-05-28 17:00:00',NULL,'1','Stepan Vardanyan','Webpack and friends - a deep dive into front-end building tools',158,NULL),(96,'2017-05-28 17:00:00','2017-05-28 18:00:00',NULL,'1','antranigv','FreeBSD: Not a linux distro',160,NULL),(97,'2017-05-28 17:00:00','2017-05-28 18:00:00',NULL,'3','Armen Mkrtchyan&Hayk Movsisyan | Synergy','Monitoring Toolkit for Microservices: Prometeus, InfluxDB etc.',163,NULL),(98,'2017-05-28 10:00:00','2017-05-28 10:30:00',NULL,'2','Vahan Avagyan','Big data Real Time Streaming',164,NULL),(99,'2017-05-28 10:30:00','2017-05-28 11:00:00',NULL,'2','Arthur Asatryan | SFL','Testing for complete beginners',118,NULL),(100,'2017-05-28 12:00:00','2017-05-28 12:30:00',NULL,'4','Robert Gasparyan | BetConstruct','Visualization examples for agile teams (ru)',165,NULL),(101,'2017-05-28 12:30:00','2017-05-28 13:00:00',NULL,'4','Workfront Support team - Tatevik, Naira, Sergey','Technical Support: Fast&Furious',166,NULL),(102,'2017-05-28 13:00:00','2017-05-28 13:30:00',NULL,'4','Vardan Hovhannisyan','Robotics in Armenia',167,NULL),(103,'2017-05-28 13:30:00','2017-05-28 14:00:00',NULL,'4','Luiza Avetisyan','Teaching as marketing',168,NULL),(104,'2017-05-28 14:00:00','2017-05-28 14:30:00',NULL,'4','Varduhi Antonyan','Break the rules for successful branding',169,NULL),(105,'2017-05-28 14:30:00','2017-05-28 15:30:00',NULL,'4','Arpi Karapetyan','Finding Your Road in Career Intersection',170,NULL),(106,'2017-05-28 15:30:00','2017-05-28 16:00:00',NULL,'4','Gevorg Kazaryan | SFL','Product Marketing Examples: All you need to succeed',171,NULL),(107,'2017-05-28 16:00:00','2017-05-28 17:00:00',NULL,'4','Գոռ Կարապետյան','Local SEO',172,NULL),(108,'2017-05-28 17:00:00','2017-05-28 18:00:00',NULL,'4','Ruben Dilanyan | SFL','Shenandoah GC: A newbie  beast to java world',150,NULL),(109,'2017-05-28 15:30:00','2017-05-28 16:30:00',NULL,'2','Sona Tovmasyan | Workfront','Usability Testing Methods in  UX. Case Study',123,NULL),(110,'2017-05-28 11:00:36','2017-05-28 11:30:36',NULL,'6','Vozni, Sergey','Arm TV me abused, Even more',NULL,NULL),(111,'2017-05-28 11:30:30','2017-05-28 12:00:31',NULL,'5',NULL,'Փչացած դաշնամուրը',NULL,NULL),(112,'2017-05-28 11:30:50','2017-05-28 12:00:50',NULL,'6','Vozni/Sergey','Quality not the SAME with you thing',NULL,NULL),(113,'2017-05-28 12:00:52','2017-05-28 12:30:52',NULL,'6','Suren','Web technologies in 2017 (1): Web assembly, web workers apollobytes',NULL,NULL),(114,'2017-05-28 12:30:15','2017-05-28 13:00:15',NULL,'6','Hapet','Web technologies in 2017 (2): Web components apollobytes',NULL,NULL),(115,'2017-05-28 13:00:30','2017-05-28 13:30:30',NULL,'6','Gaspar Chilingarov','DevOps Transition: Зачем и как',NULL,NULL),(116,'2017-05-28 13:30:00','2017-05-28 14:00:00',NULL,'6','Gaspar Chilingarov','Building better workplace',NULL,NULL),(117,'2017-05-28 14:00:08','2017-06-04 14:30:08',NULL,'6',NULL,'E2IC',NULL,NULL),(118,'2017-05-28 14:30:45','2017-05-28 15:00:45',NULL,'6','Anna/Robert','ASTC and Technology in Abroad. How to promote Armenian Science',NULL,NULL),(119,'2017-05-28 15:00:55','2017-05-28 15:30:55',NULL,'6','Armen Kosyan','Why do we have to have a story to tell',NULL,NULL),(120,'2017-05-28 15:30:49','2017-05-28 16:00:49',NULL,'6','LinguaCode','Ծրագրավորման հարթակ բոլորի համար',NULL,NULL),(121,'2017-05-28 17:00:57','2017-05-28 17:30:57',NULL,'6','Nemra','1001 ways to kill your startup',NULL,NULL),(122,'2017-05-28 12:30:36','2017-05-28 13:00:36',NULL,'5','Գրիգոր','Find օգնիր քեզ',NULL,NULL),(123,'2017-05-28 13:00:38','2017-05-28 13:30:38',NULL,'5','Ավիկ','For students',NULL,NULL),(124,'2017-05-28 13:30:27','2017-05-28 14:00:27',NULL,'5','Հրանտ Խ.','-',NULL,NULL),(125,'2017-05-28 14:00:19','2017-05-28 14:30:19',NULL,'5',NULL,'Computational Linguistics 101',NULL,NULL),(126,'2017-05-28 14:30:52','2017-05-28 15:00:52',NULL,'5','Manuel Saroyan','Self built vs. existing frameworks',NULL,NULL),(127,'2017-05-28 12:00:21','2017-05-29 12:30:21',NULL,'5','Arthur','-',NULL,NULL),(128,'2017-05-28 15:00:35','2017-05-28 15:30:35',NULL,'5',NULL,'--> Crawler with NODE.JS <--',NULL,NULL),(129,'2017-05-28 15:30:05','2017-05-28 16:00:05',NULL,'5',NULL,'App localization (PicsArt)',NULL,NULL);
/*!40000 ALTER TABLE `schedule` ENABLE KEYS */;
UNLOCK TABLES;

--
-- Table structure for table `speaker`
--

DROP TABLE IF EXISTS `speaker`;
/*!40101 SET @saved_cs_client     = @@character_set_client */;
/*!40101 SET character_set_client = utf8 */;
CREATE TABLE `speaker` (
  `id` int(11) NOT NULL AUTO_INCREMENT,
  `name_hy` varchar(255) COLLATE utf8_unicode_ci DEFAULT NULL,
  `name_en` varchar(255) COLLATE utf8_unicode_ci DEFAULT NULL,
  `bio_hy` longtext COLLATE utf8_unicode_ci,
  `bio_en` longtext COLLATE utf8_unicode_ci,
  `presentation_topic_hy` varchar(255) COLLATE utf8_unicode_ci DEFAULT NULL,
  `presentation_topic_en` varchar(255) COLLATE utf8_unicode_ci DEFAULT NULL,
  `facebook` varchar(255) COLLATE utf8_unicode_ci DEFAULT NULL,
  `twitter` varchar(255) COLLATE utf8_unicode_ci DEFAULT NULL,
  `instagram` varchar(255) COLLATE utf8_unicode_ci DEFAULT NULL,
  `linkedin` varchar(255) COLLATE utf8_unicode_ci DEFAULT NULL,
  `photo` varchar(255) COLLATE utf8_unicode_ci DEFAULT NULL,
  `website` varchar(255) COLLATE utf8_unicode_ci DEFAULT NULL,
  `isSpecial` tinyint(1) DEFAULT NULL,
  PRIMARY KEY (`id`)
) ENGINE=InnoDB AUTO_INCREMENT=177 DEFAULT CHARSET=utf8 COLLATE=utf8_unicode_ci;
/*!40101 SET character_set_client = @saved_cs_client */;

--
-- Dumping data for table `speaker`
--

LOCK TABLES `speaker` WRITE;
/*!40000 ALTER TABLE `speaker` DISABLE KEYS */;
INSERT INTO `speaker` VALUES (97,NULL,'Jan Wildeboer',NULL,NULL,NULL,'The future is Open (en)',NULL,'https://twitter.com/jwildeboer',NULL,'https://www.linkedin.com/in/jwildeboer','/i/speaker/97_97_Jan.jpg','http://jan.wildeboer.net/',1),(98,NULL,'Ekaterina Eroshenko',NULL,NULL,NULL,'Review of modern digital advertising technologies (ru)','https://www.facebook.com/katerina.eroshenko',NULL,NULL,NULL,'/i/speaker/98_93_Ekaterina.jpg',NULL,1),(99,NULL,'Illya Klimov',NULL,NULL,NULL,'Modern trends of JS in 2017 (ru)','https://www.facebook.com/iklymov','https://twitter.com/xanf_ua',NULL,'https://www.linkedin.com/in/illyaklymov','/i/speaker/99_99_Illya.jpg',NULL,1),(100,NULL,'Eduard Ulrich',NULL,NULL,NULL,'Is the War of Programming Languages over? (en)',NULL,NULL,NULL,'https://www.linkedin.com/in/eduard-ulrich-7374a5111','/i/speaker/100_100_Ulrich.jpg',NULL,1),(101,NULL,'Ekaterina Tkacheva',NULL,NULL,NULL,'From offline to online and back (O2O) (ru)',NULL,NULL,NULL,NULL,'/i/speaker/101_101_EkaterinaT.jpg',NULL,1),(102,NULL,'Andrew Rowat',NULL,NULL,NULL,'Wash, Rinse, Repeat: Building a Company from Scratch (en)',NULL,'https://twitter.com/andrewrowat',NULL,'https://www.linkedin.com/in/rowat','/i/speaker/102_102_rowat_opt.jpg','http://andrewrowat.com/index.html',1),(103,NULL,'Essa | BetConstruct',NULL,NULL,NULL,'The Art of ROI Calculation in Agile enterprises (en)','https://www.facebook.com/TheEssa',NULL,NULL,'https://www.facebook.com/TheEssa','/i/speaker/103__Essa.jpg',NULL,0),(104,'Սամվել Մարտիրոսյան','Samvel Martirosyan',NULL,NULL,'Քո բիզնեսի մուտքը գլոբալ շուկա',NULL,NULL,NULL,NULL,NULL,'/i/speaker/104_104_Samvel.jpg',NULL,0),(105,'Ստեֆան Ռադիսավլեվիչ','Stefan Radisavljevic',NULL,NULL,NULL,'WTF is Competitive Advantage?','https://www.facebook.com/radisavljevicstefan',NULL,NULL,'https://www.linkedin.com/in/stefanradisavljevic','/i/speaker/105_Stefan.png','https://www.linkedin.com/in/stefanradisavljevic',0),(106,'Աննա Հովակիմյան | SFL','Anna Hovakimyan | SFL',NULL,NULL,NULL,'Project Management Trends',NULL,'https://twitter.com/arevanna',NULL,'https://www.linkedin.com/in/anna-hovakimyan-16090736','/i/speaker/106_Anna_Hovhakimyan.png',NULL,0),(107,'Լուսինե Գրիգորյան','Lusine Grigoryan',NULL,NULL,NULL,'News verification game for teens: help Literatus to free Veritas from Manipulus',NULL,NULL,NULL,NULL,'/i/speaker/107_Lusine_Grigoryan.jpg',NULL,0),(108,'Արման Կուչուկյան','Arman Kuchukyan',NULL,NULL,NULL,'Creating Business Model for your Startup',NULL,NULL,NULL,NULL,'/i/speaker/108_ArmanK.jpeg',NULL,0),(109,'Դավիթ Բաբայան','David Babayan',NULL,NULL,NULL,'Windows 10 for creators','http://fb.com/david.babayan.95','http://twitter.com/davidbabayan4',NULL,'https://www.linkedin.com/in/davit-babayan-95582b117','/i/speaker/109_109_DavidB.jpg',NULL,0),(110,'Էրիկ Համբարձումյան','Eric Hambardzumyan',NULL,NULL,NULL,'Modern Data Vizualization and reporting',NULL,NULL,NULL,'https://www.linkedin.com/in/erikhambardzumyan','/i/speaker/110_110_Eric.jpg','https://www.linkedin.com/in/erikhambardzumyan/',0),(111,'Տիգրան Սիմոնյան','Tigran Simonyan',NULL,NULL,NULL,'Ambitious web app on Ember.- js','https://www.facebook.com/Tigran.Simonyan.Tiko',NULL,NULL,NULL,'/i/speaker/111_TigranS.png',NULL,0),(112,'Էդգար Հարությունյան','Edgar Haroutounian',NULL,NULL,NULL,'Getting started: ReactVR (en)','https://www.facebook.com/edgar.aroutiounian','https://twitter.com/edgararout',NULL,NULL,'/i/speaker/112_104_chuvak.png','https://github.com/fxfactorial',0),(113,'Անի Կյուրեղյան','Ani Kyureghyan',NULL,NULL,NULL,'Brain science and marketing. MR Modern Technologies',NULL,NULL,NULL,NULL,'/i/speaker/113_chuvixa.png','https://www.linkedin.com/feed/?trk=nav_responsive_tab_home',0),(114,'Վարդգես Ստեփանյան | SFL','Vardges Stepanyan | SFL',NULL,NULL,NULL,'Juju, horizontal scalable infrastructure',NULL,'https://twitter.com/louis_dega',NULL,NULL,'/i/speaker/114__Vardges_Stepanyan.png',NULL,0),(115,'Գրիգոր Խաչատրյան','Grigor Khachatryan',NULL,NULL,NULL,'Crafting WebVR with JS',NULL,'https://twitter.com/grigortw',NULL,NULL,'/i/speaker/115_104_chuvak.png','https://blog.yvn.io/',0),(116,'Նիկոլայ Սարգսյան','Nickolay Sargsyan',NULL,NULL,NULL,'Android: Being a poet',NULL,NULL,NULL,NULL,'/i/speaker/116_104_chuvak.png',NULL,0),(117,'Շահեն Հովհաննիսյան | Simply','Shahen Hovhannisyan | Simply',NULL,NULL,NULL,'React-Native: building a simple app','https://www.facebook.com/shahen.hovhannisyan',NULL,NULL,NULL,'/i/speaker/117_117_Shahen.jpg','https://github.com/shahen94',0),(118,'Արթուր Ասատրյան | SFL','Arthur Asatryan | SFL',NULL,NULL,NULL,'Rust for the impatient',NULL,NULL,NULL,'https://www.linkedin.com/in/arthur-asatryan','/i/speaker/118_Arthur_Asatryan.png',NULL,0),(119,'Ռուբեն Խաչատրյան','Ruben Khachatryan',NULL,NULL,NULL,'Anti Patterns in programming for adults',NULL,NULL,NULL,NULL,'/i/speaker/119_104_chuvak.png',NULL,0),(120,'Վլադիմիր Ավագյան','Vladimir Avagyan',NULL,NULL,NULL,'1C development platform: Desktop and Mobile',NULL,NULL,NULL,NULL,'/i/speaker/120_120_Vladimir.jpg',NULL,0),(121,'Էդուարդ Բաբայան','Eduard Babayan',NULL,NULL,NULL,'DevOps for ASP.NET',NULL,NULL,NULL,'https://www.linkedin.com/in/babayaneduard','/i/speaker/121_104_chuvak.png',NULL,0),(122,'Լևոն Սարգսյան','Levon Sargsyan',NULL,NULL,NULL,'Meteor.js: app in an hour','https://www.facebook.com/levon.sargsyan.5','https://twitter.com/levonsargsian',NULL,NULL,'/i/speaker/122_104_chuvak.png','https://github.com/levonsargsyan1990',0),(123,'Սոնա Թովմասյան | Workfront','Sona Tovmasyan | Workfront',NULL,NULL,NULL,'Usability Testing Methods in UX. Case Study','https://www.facebook.com/sona.tovmasyan.52','https://twitter.com/So_Nush',NULL,'https://www.linkedin.com/in/sona-tovmasyan-03ba2483','/i/speaker/123_SonaTovmasyan.jpg',NULL,0),(124,'Էդգար Թորոսյան&Երեմ Գևորգյան | Synergy','Edgar Torosyan&Yerem Gevorgyan | Synergy',NULL,NULL,NULL,'Securing Microservices Environment',NULL,NULL,NULL,NULL,'/i/speaker/124_Edgar_Yerem.jpg',NULL,0),(125,'Նաիրի Նարինյան | SFL','Nairi Narinyan | SFL',NULL,NULL,NULL,'3D graphics on the web with WebGL',NULL,NULL,NULL,NULL,'/i/speaker/125__Nairi_Narinyan-2.png',NULL,0),(126,'Մարգարիտ Միրզոյան','Margarit Mirzoyan',NULL,NULL,NULL,'What\'s New in Android O','https://www.facebook.com/margarit.mirzoyan/',NULL,NULL,'https://www.linkedin.com/in/margarit-mirzoyan-a681b612','/i/speaker/126_126_Margarit.jpg',NULL,0),(127,'Արարատ Պողոսյան | Hex Division','Ararat Poghosyan | Hex Division',NULL,NULL,'Sex, խաշ, PHP. Continuous Integration With Love.','Sex, խաշ, PHP. Continuous Integration With Love.',NULL,NULL,NULL,NULL,'/i/speaker/127_Ararat_Poghosyan.jpg',NULL,0),(128,'Հայկ Մկրտչյան | SFL','Hayk Mkrtchyan | SFL',NULL,NULL,NULL,'Reactive programming for Java developers',NULL,NULL,NULL,NULL,'/i/speaker/128__Hayk_Mkrtchyan.png',NULL,0),(129,'Ռուբեն Մուրադյան | U!COM','Ruben Muradyan | U!COM',NULL,NULL,NULL,'Cloudflare',NULL,NULL,NULL,NULL,'/i/speaker/129__ruben.jpg',NULL,0),(130,'Գագիկ Առուստամյան | SFL','Gagik Arustamyan | SFL',NULL,NULL,NULL,'PWAs: The Web’s answer to native apps',NULL,NULL,NULL,NULL,'/i/speaker/130__Gagik_Arustamyan.png',NULL,0),(131,'Սեդրակ Մկրտչյան','Sedrak Mkrtchyan',NULL,NULL,'Ինֆորմացիոն գրաֆիկայի կարևորությունը լրատվական դաշտում',NULL,'https://www.facebook.com/517design','https://twitter.com/517design',NULL,'https://www.linkedin.com/in/sedrakmkrtchyan','/i/speaker/131_Sedrak.jpg',NULL,0),(132,NULL,'Matt Bartelsian',NULL,NULL,NULL,'The Balls to Be Great: Understanding Your Competitive Advantage as an Armenian',NULL,'https://twitter.com/mattbartelsian',NULL,'https://www.linkedin.com/in/mattbartelsian','/i/speaker/132_104_chuvak.png',NULL,0),(133,'Սերգեյ Բրուտյան','Sergey Brutyan',NULL,NULL,NULL,'Cubesats and the future of Armenian space programs',NULL,NULL,NULL,NULL,'/i/speaker/133_104_chuvak.png',NULL,0),(134,'Սարգիս Ազարյան | Workfront','Sargis Azaryan | Workfront',NULL,NULL,NULL,'Building own UI automation framework from scratch',NULL,NULL,NULL,NULL,'/i/speaker/134__SargisAzaryan1.jpg',NULL,0),(135,'Դիանա Հովհաննիսյան','Diana Hovhannisyan',NULL,NULL,NULL,'How to promote the business in Social Media? If the proper corporate identity helps?','https://web.facebook.com/doganesyan','https://twitter.com/dianahov',NULL,NULL,'/i/speaker/135_DianaH.jpg','https://www.linkedin.com/in/dianahov/',0),(136,'Վահան Ստեփանյան','Vahan Stepanyan',NULL,NULL,NULL,'Lenses for mobile devices','https://www.facebook.com/vahan.stepanyan',NULL,NULL,'https://www.linkedin.com/in/stepanyan','/i/speaker/136_136_VahanS.jpg','http://vahanstepanyan.com/',0),(137,'Խաչիկ Բադեյան | Synergy','Khachik Badeyan | Synergy',NULL,NULL,'Less Դվիժենի, More Focus','Less Դվիժենի, More Focus',NULL,'https://twitter.com/khbadeyan',NULL,NULL,'/i/speaker/137_Khachik.jpg',NULL,0),(138,'Հայկ Մարտիրոսյան&Աշոտ Կարապետյան | Synergy','Hayk Martirosyan&Ashot Karapetyan | Synergy',NULL,NULL,NULL,'SAAS: From Monolith to Microservices',NULL,NULL,NULL,NULL,'/i/speaker/138_Hayk_Ashot.jpg',NULL,0),(139,'Ալեքս Սարոյան','Alex Saroyan',NULL,NULL,NULL,'Re-defining Network infrastructures: SDN platform of the future','https://www.facebook.com/alex.saroyan',NULL,NULL,NULL,'/i/speaker/139_139_Alex.png','https://www.linkedin.com/in/alex-saroyan/',0),(140,'Ալեքսանդր Ադամյան | Simply','Alexander Adamyan | Simply',NULL,NULL,NULL,'Chatbots re-evolution','https://www.facebook.com/alexander.adamyan',NULL,NULL,NULL,'/i/speaker/140_140_Alik.jpg',NULL,0),(141,'Վահան Քերոբյան','Vahan Kerobyan',NULL,NULL,NULL,NULL,'https://www.facebook.com/vahankerobyan','https://twitter.com/vahan_kerobyan',NULL,NULL,'/i/speaker/141_104_chuvak.png',NULL,0),(142,'Հովհաննես Կուլողլյան | Hex Division','Hovhannes Kuloghlyan | Hex Division',NULL,NULL,'What comes after BitCoin: Interledger protocol','What comes after BitCoin: Interledger protocol',NULL,NULL,NULL,NULL,'/i/speaker/142_Hovhannes_Kuloghlyan.jpg',NULL,0),(143,'Իշխան Մարգարյան | Ginosi','Ishkhan Margaryan | Ginosi',NULL,NULL,NULL,'Cultural Fit or Discrimination?',NULL,'https://twitter.com/ishxan88',NULL,NULL,'/i/speaker/143_143_Ishkhan.jpg',NULL,0),(144,'Արմինե Մկրտչյան','Armine Mkrtchyan',NULL,NULL,NULL,'How to be as Agile as a Ninja?','https://www.facebook.com/armine.mkrtchyan.52',NULL,NULL,NULL,'/i/speaker/113_chuvixa.png','https://www.linkedin.com/in/arminemkrtchyan',0),(145,'Գևորգ Հակոբյան','Gevorg Hakobyan',NULL,NULL,NULL,'Private Data Protection','https://www.facebook.com/gevorg.hakobyan',NULL,NULL,NULL,'/i/speaker/145_104_chuvak.png',NULL,0),(146,'Վահե Ղազարյան','Vahe Ghazaryan',NULL,NULL,NULL,'Dealing with di',NULL,'https://twitter.com/vghazaryan',NULL,NULL,'/i/speaker/146_104_chuvak.png',NULL,0),(147,'Նարեկ Աղեկյան','Narek Aghekyan',NULL,NULL,'Making a game with 0 lines of code: Unreal Engine','Making a game with 0 lines of code: Unreal Engine','https://www.facebook.com/narek.aghekyan',NULL,NULL,NULL,'/i/speaker/147_147_NarekA.png',NULL,0),(148,'Ռոբերտ Ապիկյան','Robert Apikyan',NULL,NULL,'Material animations in Android','Material animations in Android',NULL,NULL,NULL,NULL,'/i/speaker/148_104_chuvak.png','https://www.linkedin.com/in/robert-apikyan-24b915130/',0),(149,NULL,'Aryan Behzadi',NULL,NULL,'Making AR games (en)','Making AR games (en)','https://www.facebook.com/aryan.behzadi','https://twitter.com/Aryan_Behzadi',NULL,NULL,'/i/speaker/149_Aryan.jpg','https://www.linkedin.com/in/aryan-behzadi-1364b7a3/',0),(150,'Ռուբեն Դիլանյան | SFL','Ruben Dilanyan | SFL',NULL,NULL,'Shenandoah GC: A newbie beast to java world','Shenandoah GC: A newbie beast to java world',NULL,NULL,NULL,NULL,'/i/speaker/150_150__Ruben_Dilanyan copy1.png',NULL,0),(151,'Խաչատուր Վիրաբյան','Khachatur Virabyan',NULL,NULL,NULL,'Progressive Web Apps and how to eat them',NULL,NULL,NULL,NULL,'/i/speaker/151_104_chuvak.png',NULL,0),(152,'Կիմ Սարոյան&Կարեն Հարությունյան | Synergy','Kim Saroyan&Karen Harutyunyan | Synergy',NULL,NULL,NULL,'Scaling Solutions for Oracle SQL server and Postgres',NULL,NULL,NULL,NULL,'/i/speaker/152_Kim_Karen.jpg',NULL,0),(153,'Ավետիք Բաբայան&Անի Ղազարյան | Workfront','Avetik Babayan&Ani Ghazaryan | Workfront',NULL,NULL,NULL,'Becoming a Tester: from Zero to hero',NULL,NULL,NULL,NULL,'/i/speaker/153_Avo&Ani.jpg',NULL,0),(155,'Հովհաննես Գասպարյան | SFL','Hovhannes Gasparyan | SFL',NULL,NULL,'Peer-to-peer video and file sharing on the  web','Peer-to-peer video and file sharing on the  web',NULL,NULL,NULL,NULL,'/i/speaker/155__Hovhannes_Gasparyan copy1.png',NULL,0),(156,'Անդրանիկ Հայրապետյան','Andranik Hayrapetyan',NULL,NULL,NULL,'Customizing Android Recycler view Layout Managers (Carousel)','https://www.facebook.com/ando.hayrapetyan.31',NULL,NULL,NULL,'/i/speaker/156_156_Andranik.jpg',NULL,0),(157,'Անանիա Միքայելյան&Արտակ Մեհրաբյան | Synergy','Anania Mikayelyan&Artak Mehrabyan | Synergy',NULL,NULL,NULL,'Continuous Integration & Delivery at Scale (part 1&2)',NULL,NULL,NULL,NULL,'/i/speaker/157_Artak_Anania.jpg',NULL,0),(158,'Ստեփան Վարդանյան','Stepan Vardanyan',NULL,NULL,NULL,'Webpack and friends - a deep dive into front-end building tool','https://www.facebook.com/profile.php?id=1000048449836131','https://twitter.com/styoplotr',NULL,NULL,'/i/speaker/158_158_StepanV.jpg','https://github.com/styopdev',0),(159,'Տարոն Սարիբեկյան','Taron Saribekyan',NULL,NULL,'PHP7 - New born of most popular web  programming language','PHP7 - New born of most popular web  programming language',NULL,NULL,NULL,NULL,'/i/speaker/159_104_chuvak.png',NULL,0),(160,'antranigv','antranigv',NULL,NULL,NULL,'FreeBSD: Not a linux distro','https://www.facebook.com/antranigv','https://twitter.com/antranigv',NULL,NULL,'/i/speaker/160_104_chuvak.png','https://github.com/antranigv',0),(161,'Հարութ Գրիգորյան | Ginosi','Harut Grigoryan | Ginosi',NULL,NULL,'MVP, Architecture: ինչպես  թխել տորթ փոքր  կտորներով','MVP, Architecture: ինչպես  թխել տորթ փոքր  կտորներով',NULL,NULL,NULL,NULL,'/i/speaker/161_Harut Grigoryan .jpg',NULL,0),(162,'Սարգիս Սարգսյան | Workfront','Sargis Sargsyan | Workfront',NULL,NULL,'Better Page Object Handling  with Loadable Component Pattern','Better Page Object Handling  with Loadable Component Pattern',NULL,NULL,NULL,NULL,'/i/speaker/162__SargisSargsyan_opt-2.jpg',NULL,0),(163,'Արմեն Մկրտչյան&Հայկ Մովսիսյան | Synergy','Armen Mkrtchyan&Hayk Movsisyan | Synergy',NULL,NULL,'Monitoring Toolkit for Microservices: Prometeus, InfluxDB etc.','Monitoring Toolkit for Microservices: Prometeus, InfluxDB etc.',NULL,NULL,NULL,NULL,'/i/speaker/163_Armen_Hayk.jpg',NULL,0),(164,'Վահան Ավագյան','Vahan Avagyan',NULL,NULL,NULL,'Big data Real Time Streaming','https://www.facebook.com/vahan.ppush','https://www.linkedin.com/in/vahan-a-55159ab7/',NULL,NULL,'/i/speaker/164_104_chuvak.png','https://github.com/ppush',0),(165,'Ռոբերտ Գասպարյան | BetConstruct','Robert Gasparyan | BetConstruct',NULL,NULL,NULL,'Visualization examples for agile teams (ru)','https://www.facebook.com/gasparyan.robert','https://twitter.com/robertgasparyan',NULL,NULL,'/i/speaker/165_165_RobertGasparyan.jpg',NULL,0),(166,'Workfront աջակցման թիմ - Տաթևիկ, Նաիրա, Սերգեյ','Workfront Support team - Tatevik, Naira, Sergey',NULL,NULL,NULL,'Technical Support: Fast&Furious',NULL,NULL,NULL,NULL,'/i/speaker/166_WF_Support.jpg',NULL,0),(167,'Վարդան Հովհաննիսյան','Vardan Hovhannisyan',NULL,NULL,NULL,'Robotics in Armenia',NULL,NULL,NULL,NULL,'/i/speaker/167_167_VardanH.jpg','https://www.linkedin.com/in/vardanhovhannisyan/',0),(168,'Լուիզա Ավետիսյան','Luiza Avetisyan',NULL,NULL,NULL,'Teaching as marketing','https://www.facebook.com/luiza.avetisyan.98 Linkedin',NULL,NULL,NULL,'/i/speaker/168_168_Luiza.jpg','https://www.linkedin.com/in/luizaavetisyan/',0),(169,'Վարդուհի Անտոնյան','Varduhi Antonyan',NULL,NULL,NULL,'Break the rules for successful branding',NULL,NULL,NULL,NULL,'/i/speaker/113_chuvixa.png',NULL,0),(170,'Արփի Կարապետյան','Arpi Karapetyan',NULL,NULL,NULL,'Finding Your Road in Career Intersection',NULL,'https://www.linkedin.com/in/rpkarapetyan/','https://www.facebook.com/arpi.karapetyan.9',NULL,'/i/speaker/170_170_Arpi.jpg','https://www.arpikarapetyan.com/,',0),(171,'Գևորգ Ղազարյան | SFL','Gevorg Kazaryan | SFL',NULL,NULL,NULL,'Product Marketing Examples: All you need to succeed',NULL,'https://twitter.com/gevkazaryan',NULL,NULL,'/i/speaker/171_Gevorg_ghazaryan.png',NULL,0),(172,'Գոռ Կարապետյան','Gor Karapetyan',NULL,NULL,NULL,'Local SEO','https://www.facebook.com/gor.karapetyan.39',NULL,NULL,NULL,'/i/speaker/172_172_GorK.JPG','https://www.linkedin.com/in/gor-karapetyan-65066a120/',0),(173,'Դիանա Մելքումյան | SFL','Diana Melkumyan | SFL',NULL,NULL,NULL,'A PM\'s guide to designing products for success',NULL,'https://twitter.com/MelkDiana',NULL,NULL,'/i/speaker/173_Diana_Melkumyan.png',NULL,0),(174,'Դավիթ Սիրադեղյան | Workfront','Davit Siradeghyan | Workfront',NULL,NULL,NULL,'Pillars of clean code',NULL,NULL,NULL,NULL,'/i/speaker/174_DavitSiradeghyan.jpg',NULL,0),(175,'Ռուբեն Մանուկյան','Ruben Manukyan',NULL,NULL,NULL,'UWSGI based Python web-application in practice',NULL,NULL,NULL,NULL,'/i/speaker/175_104_chuvak.png',NULL,0),(176,'Սամվել Մարտիրոսյան','Samvel Martirosian',NULL,NULL,'ՔՈ ԲԻԶՆԵՍԻ ՄՈՒՏՔԸ ԳԼՈԲԱԼ ՇՈՒԿԱ','ՔՈ ԲԻԶՆԵՍԻ ՄՈՒՏՔԸ ԳԼՈԲԱԼ ՇՈՒԿԱ',NULL,NULL,NULL,NULL,'/i/speaker/_chuvak.png',NULL,0);
/*!40000 ALTER TABLE `speaker` ENABLE KEYS */;
UNLOCK TABLES;
/*!40103 SET TIME_ZONE=@OLD_TIME_ZONE */;

/*!40101 SET SQL_MODE=@OLD_SQL_MODE */;
/*!40014 SET FOREIGN_KEY_CHECKS=@OLD_FOREIGN_KEY_CHECKS */;
/*!40014 SET UNIQUE_CHECKS=@OLD_UNIQUE_CHECKS */;
/*!40101 SET CHARACTER_SET_CLIENT=@OLD_CHARACTER_SET_CLIENT */;
/*!40101 SET CHARACTER_SET_RESULTS=@OLD_CHARACTER_SET_RESULTS */;
/*!40101 SET COLLATION_CONNECTION=@OLD_COLLATION_CONNECTION */;
/*!40111 SET SQL_NOTES=@OLD_SQL_NOTES */;

-- Dump completed on 2018-06-04 13:37:52
